{
  "product": [
    {
      "id": "12",
      "name": "Hàng mới",
      "price": "99999999465343",
      "category": "1"
    },
    {
      "id": "9h",
      "name": "Thanh",
      "price": "88888888888888888",
      "category": "2"
    },
    {
      "id": "76",
      "name": "gdfssd",
      "price": "54646435353",
      "category": "2"
    },
    {
      "id": "ID1",
      "name": "sdfsdsd",
      "price": "3242432342",
      "category": "1"
    },
    {
      "id": "HD01",
      "name": "Tadsaxx",
      "price": "241345356456",
      "category": "2"
    }
  ]
}